<?xml version="1.0" encoding="UTF-8"?>
<!--  tag.xml :: predefined self-documenting option categories
      Copyright (C) 2012, 2015  SEIKO EPSON CORPORATION

      License: GPL-3.0+
      Author : EPSON AVASYS CORPORATION

      This file is part of the 'Utsushi' package.
      This package is free software: you can redistribute it and/or modify
      it under the terms of the GNU General Public License as published by
      the Free Software Foundation, either version 3 of the License or, at
      your option, any later version.

        This program is distributed in the hope that it will be useful,
        but WITHOUT ANY WARRANTY; without even the implied warranty of
        MERCHANTABILITY or FITNESS FOR A PARTICULAR PURPOSE.  See the
        GNU General Public License for more details.

      You ought to have received a copy of the GNU General Public License
      along with this package.  If not, see <http://www.gnu.org/licenses/>.
  -->

<tags version="0">

  <tag key="application">
    <name>%1%</name>
    <text>
      Options provided by %1%.
    </text>
  </tag>

  <tag key="general">
    <name>General</name>
    <text>
      Basic options.
    </text>
  </tag>

  <tag key="geometry">
    <name>Geometry</name>
    <text>
      Scan area and image size related options.
    </text>
  </tag>

  <tag key="enhancement">
    <name>Enhancement</name>
    <text>
      Image modification options.
    </text>
  </tag>

</tags>
